id,sentiment
1067151249668214793,pos
1067151248040824833,neg
1067142820388052993,pos
1067142819008122885,pos
1067142262545674240,neg
1067066584882126848,neg
1067063727994884096,neg
1067015026995879937,neg
1066876053170339840,neg
1066873981293260801,neg
1066793504804913152,pos
1066790517944606721,pos
1066788767133040640,neg
1066786854643662848,neg
1066689688600281088,pos
1066685057648214018,neg
1066682146683846657,pos
1066670550708301824,pos
1066665948193669120,pos
1066480700046655488,neg
1066478927143677952,pos
1066116263649382400,neg
1066017112425185280,pos
1065948536498544640,pos
1065743662464802817,neg
1065718109624066049,neg
1065601413189984256,pos
1065583286188158976,neg
1065581119242940416,neg
1065576088779272192,pos
1065575219576926208,pos
1065403512559992832,pos
1065400254151954432,neg
1065368645021388800,pos
1065359825654169600,pos
1065357030985252865,pos
1065351478347530241,neg
1065346909362143232,pos
1065261943202738178,pos
1065247567443869696,pos
1065225940836458496,pos
1065225779825598465,neg
1065102519188275201,pos
1065088330969305089,neg
1064734907941994497,pos
1064544156960387072,neg
1064540462848098304,neg
1064526362994778113,pos
1064246787161145346,pos
1064245710747590657,neg
1064227483187318784,neg
1064216956679716864,pos
1064209246114459648,pos
1063835936604090368,pos
1063834733430206465,pos
1063834729584054272,pos
1063833980720504832,neg
1063758107229257728,neg
1063631319739953152,pos
1063593459695669254,pos
1063593456579354624,neg
1063591994738515968,pos
1063591735169871872,pos
1063517548258447361,neg
1063516048647995394,pos
1063084073231544320,neg
1063081553075625984,neg
1063046973857718272,neg
1063042585802039296,neg
1063038733673525248,pos
1062830145768165377,neg
1062796884648120320,pos
1062791114716000258,pos
1062789364399390720,neg
1062459010660622339,neg
1062391577807601664,neg
1062382618870726656,neg
1062371844836261891,neg
1062333882610171907,pos
1062333534214520832,neg
1062331024426913792,neg
1062311785787744256,neg
1062153051459469312,pos
1062047641889095684,pos
1062045654711713792,pos
1062020057616793600,pos
1062005636488142848,pos
1061962869376540672,neg
1061957074253418496,pos
1061954325843468288,pos
1061952604807274498,pos
1061632874808520709,pos
1061554334276747264,neg
1061383163811893248,pos
1061382890100002817,pos
1061335051294728194,pos
1061334384337399808,pos
1061171030801158146,neg
1061168803218948096,neg
1061107399426220037,neg
1061104224090628097,pos
1061003186125856769,pos
1060993836984324096,pos
1060964991510110208,pos
1060960329876697088,neg
1060958713047961600,pos
1060949297900834816,neg
1060942600994050048,neg
1060938144336367616,pos
1060924708101644288,pos
1060923822851874816,pos
1060908430062481408,pos
1060723241193484288,pos
1060515116700045312,pos
1060511925883285504,pos
1060256623439110146,pos
1060256619383193601,pos
1060194964351660033,pos
1060162807960870913,pos
1060155917059219461,neg
1060153052676702208,pos
1060148982968733696,neg
1060141780878979072,pos
1060138691778301953,pos
1060130202418864129,neg
1060061704850206720,pos
1060058718937800704,neg
1060056007316045825,neg
1060022696703070208,pos
1059897349005283334,pos
1059896399595225089,neg
1059880322500833281,pos
1059870147845017601,pos
1059867563746824192,pos
1059833982777544705,pos
1059827782434328582,neg
1059623256087506944,pos
1059573108464648198,pos
1059550850673229826,neg
1059505422430801920,pos
1059470847751131138,pos
1059469158830796800,pos
1059464880955277312,pos
1059460759179198470,pos
1059439426022137856,pos
1059435440497934337,pos
1059433483423178752,neg
1059317426653933568,neg
1059310562771984390,neg
1059230569257680896,pos
1059220177169063941,pos
1059152270342975489,pos
1059101889898430464,pos
1058896605527597056,pos
1058856438091710464,pos
1058829196062048257,neg
1058829182275411979,neg
1058827516427808768,neg
1058825551090237441,neg
1058781668151050240,neg
1058762842629984256,pos
1058758825300365312,pos
1058715144442781696,pos
1058711461214724097,pos
1058691406263451648,pos
1058687674742120448,neg
1058673875372908544,pos
1058553398172237824,pos
1058519264771096576,pos
1058498592208494592,pos
1058491932937203717,pos
1058482506037641216,pos
1058477374872920064,pos
1058356796262412288,neg
1058354748578033664,pos
1058100070158098433,neg
1058065457851351040,neg
1058065450075086850,pos
1058064549977473025,pos
1057997981922873344,pos
1057837892062666755,neg
1057797701834813440,pos
1057714919766925314,neg
1057674390446448642,neg
1057655675080314880,pos
1057654684356395008,pos
1057638285026254848,pos
1057637708296794114,neg
1057624553478897665,pos
1057619304949133312,pos
1057614564639019009,neg
1057612657665171457,neg
1057325873312026624,neg
1057325717162213378,pos
1057325714721124355,pos
1057288679390097408,neg
1057254051254013953,neg
1057249169507803137,neg
1057247021919297536,pos
1057243826899877889,pos
1057110242541080577,pos
1057109765178966017,pos
1057108130662899713,pos
1057106631652196354,neg
1057106123260678144,pos
1057092628951502849,pos
1057069393090355200,pos
1057067460925505536,pos
1057063101189836801,neg
1057059603605831680,pos
1056923033141698561,pos
1056922209111994373,pos
1056919064906469376,neg
1056885392522260480,neg
1056880287974649856,neg
1056879122348195841,neg
1056700376718684160,neg
1056592374607024130,neg
1056589723911757824,pos
1056394547637485574,pos
1056391795523895296,pos
1056299897882923009,neg
1056299896406450176,pos
1056220576098992129,pos
1056200966809288704,pos
1056184390684995584,neg
1056182288927649794,pos
1056181643810168832,pos
1056180185727418374,pos
1056179047368134656,pos
1056178393522339847,neg
1056175920476766208,pos
1055932751516332033,pos
1055881545628704769,neg
1055846847502258178,pos
1055826295337172993,neg
1055822810940129283,neg
1055820292881350656,pos
1055719340832686080,neg
1055559438977900544,pos
1055555764901822466,pos
1055555312864952321,pos
1055548549595873280,pos
1055548456469778432,neg
1055531231495024642,neg
1055531230022766592,neg
1055529948046331904,pos
1055527191235227648,neg
1055458320390217728,pos
1055418269270716418,neg
1055414972635926528,neg
1055412328571850753,neg
1055127893112696832,pos
1055077740792160256,pos
1055075245743374336,neg
1055065538890735616,pos
1055064484644089856,neg
1054775397798178816,pos
1054759617165754372,neg
1054755401651179521,neg
1054732552488083459,pos
1054588738641178624,neg
1054564283634266112,neg
1054543818249388034,pos
1054461380797943809,neg
1054460902076862466,pos
1054451956608049152,pos
1054451954397667328,pos
1054430376557535232,pos
1054356359096033281,pos
1054356145798856704,neg
1054354059535269888,pos
1054351078328885248,pos
1054348185160896513,pos
1054187956024590336,pos
1054142516881248258,pos
1054091502585069568,pos
1054088531629490178,pos
1054087893034172418,neg
1053839625679183872,pos
1053807130120200192,pos
1053684769991454721,pos
1053682023066288128,neg
1053662989272793089,pos
1053661248217202688,pos
1053658596712431616,pos
1053657849606234112,pos
1053655992649506821,neg
1053456620334678016,pos
1053338516501889025,neg
1053336553391452161,neg
1053285828892463109,pos
1053285341610668034,pos
1053124336637247493,pos
1053121500151074817,neg
1053076069564071936,neg
1053074465150578688,pos
1053056054295113728,pos
1053033702253424640,pos
1053008701026693122,pos
1052964059056885760,pos
1052947510271111170,neg
1052947507238658049,pos
1052914382986973184,neg
1052888451199262725,neg
1052885781675687936,pos
1052883467430694912,neg
1052741954918866944,neg
1052644447853453312,neg
1052641581650640903,neg
1052556944068755456,pos
1052556222459727872,neg
1052539788190986240,pos
1052537536961306625,neg
1052532141941301248,pos
1052529703800721408,pos
1052527724143763456,neg
1052522197347119104,pos
1052388580734263297,pos
1052387851088867330,neg
1052369731959820292,neg
1052368431201341447,pos
1052344365442588673,pos
1052270676982333442,neg
1052268013876064256,neg
1052268011900555265,neg
1052233253040640001,pos
1052219253384994816,neg
1052217314463100928,neg
1052213711295930368,neg
1052200515608690688,neg
1052186219696803841,pos
1052184484941049857,pos
1052183647552491521,neg
1052181272137801728,pos
1052173526919196672,pos
1052171444082360320,pos
1052168909665824769,neg
1051984061860904960,pos
1051861686842474496,neg
1051832118165139458,pos
1051814214212485120,neg
1051811228362919938,neg
1051807774894624768,neg
1051801524857384960,neg
1051561865061502977,pos
1051559539605164034,pos
1051558072433463297,pos
1051473226109513728,pos
1051471737068670977,pos
1051319975795933184,pos
1051317348496490496,pos
1051168800324931584,neg
1051166436029358081,pos
1051156386179141632,pos
1051114825391239169,pos
1051111923788513281,pos
1050826148131860480,neg
1050810652271529984,neg
1050788995377049601,pos
1050777580553588738,pos
1050754462405537798,pos
1050747691062493185,neg
1050746600916754432,pos
1050743405578457093,neg
1050198107969982464,pos
1050197632524660736,pos
1050187347860627456,neg
1050111823842893824,pos
1050008315286171648,neg
1050004777034309633,pos
1049831428115062790,pos
1049776359239643136,pos
1049738503389675521,pos
1049700215949860864,pos
1049690974841135104,neg
1049690971934511104,pos
1049665483182694402,pos
1049648174896504832,pos
1049640099007356928,pos
1049638803177127936,neg
1049445228694962176,pos
1049385141557030912,neg
1049380830395609090,pos
1049367031433383936,pos
1049292375330361345,pos
1048745061888880640,neg
1048737154778759168,pos
1048693669870501889,neg
1048668088059584512,pos
1048665701513187328,pos
1048606042123395072,pos
1048226225196552193,pos
1048197648807854080,neg
1048196883464818688,pos
1048012979357270017,pos
1047984297607618565,neg
1047974091318149120,pos
1047853098365079553,pos
1047847548600377344,pos
1047842341246173185,pos
1047822816580722690,pos
1047673458241560576,pos
1047637712004636673,pos
1047495435760427008,neg
1047493831426498561,pos
1047489875614883841,pos
1047487803746074624,pos
1047486972976095233,pos
1047477260624773121,pos
1047472342354604033,neg
1047469711938736128,neg
1047465256023445504,pos
1047309776374259712,neg
1047309022892707841,neg
1047294700246454273,pos
1047175026259189761,pos
1047156358343282688,pos
1047139656066842625,pos
1047137342924959744,pos
1046919122351792128,pos
1046733574173544448,pos
1046715439831797760,pos
1046714711268622336,pos
1046708836407685122,pos
1046473870650290176,neg
1046456403651698693,pos
1046443996074127361,pos
1046230634103025664,neg
1046200796944191499,pos
1046136712987103241,pos
1046135994267963392,pos
1045832351211835392,pos
1045444544068812800,pos
1045003711104331776,pos
1044991766309621760,pos
1044903785125089281,pos
1044903153987203072,pos
1044782444321361920,pos
1044778309362622466,neg
1044684820478119936,pos
1044628997999665153,neg
1044627015662538752,pos
1044626591463215104,pos
1044609366970814465,pos
1044575765109624832,neg
1044540438806482944,pos
1044537328415506432,pos
1044418753671417860,neg
1044415858465001472,pos
1044339078257356801,pos
1044326708151820289,pos
1043995561895108609,pos
1043966388182953984,neg
1043964186034868224,pos
1043500433271066625,pos
1043305127250194432,pos
1043160312315146240,pos
1043148165883416576,pos
1043146627576258561,pos
1043130170612244481,neg
1043128595231604738,neg
1043126336473055235,neg
1043121858797686785,neg
1042978990229606401,pos
1042948464408055808,pos
1042894836024586240,pos
1042838324187213824,pos
1042838322530398214,pos
1042830534513229825,pos
1042828275121369088,pos
1042768904857247744,pos
1042740913968164864,neg
1042739629139664896,pos
1042738383720726528,neg
1042733544466989057,neg
1042731410858168320,pos
1042563390462418944,pos
1042558309813895168,neg
1042470708192919552,pos
1042378706747109376,neg
1042377919304269824,neg
1042376378593804289,neg
1042264934288175105,neg
1042263143496511488,pos
1042258387730399233,pos
1042078530413240320,pos
1042078523274485760,pos
1042042089779994629,pos
1042034269374361600,pos
1042033116695670786,pos
1042031772433883136,neg
1042030988518408194,neg
1041770673218236416,pos
1041751173034848260,pos
1041697308780515328,neg
1041694123382726656,neg
1041631817697251328,pos
1041630722413527040,pos
1041628201435521024,pos
1041493551446675456,neg
1041451203442487297,pos
1041441676949184512,pos
1041438771366060034,pos
1041358333146525698,neg
1041330897948160002,neg
1041151464046043137,pos
1041094855592689664,neg
1041093953007833088,neg
1041086383505465345,pos
1041068591527993344,pos
1041067762452455424,pos
1041065107969777664,pos
1041064550605496321,neg
1041060770908393473,pos
1040799409670377472,neg
1040788151000883201,neg
1040783519423913984,neg
1040780813086928897,pos
1040763121571438592,pos
1040760021443850241,pos
1040730663832498176,pos
1040717757107589126,pos
1040575890139348992,pos
1040429268923236352,pos
1040407422156857344,pos
1040298233359200258,pos
1040294453586665472,pos
1040257520026181634,pos
1040242677877551104,neg
1040220855400386560,pos
1040217897703026689,neg
1040214866450178049,neg
1040211068973469696,neg
1040210045525536768,neg
1040203362652880896,neg
1040198906842427392,neg
1040017623017287699,pos
1039877857441402882,neg
1039875785853681664,pos
1039830659504779265,neg
1039828966595616768,neg
1039823496501768192,neg
1039693872396468227,neg
1039687158456639489,neg
1039684040901779457,neg
1039556378766069760,pos
1039537164458053633,pos
1039498334594052096,neg
1039483479363399680,pos
1039479054930530304,neg
1039473456709021696,pos
1039471746120908801,pos
1039470755816374272,neg
1039292858715578374,pos
1039291783031734273,neg
1039261826318524417,pos
1039235839333679105,pos
1039162221492928513,neg
1039150829754888193,pos
1039130589406875651,neg
1039117933623078912,pos
1039115242465374208,neg
1039111866956566528,pos
1039108838262284289,pos
1039107129880272896,pos
1038812262549663744,neg
1038809595219791872,neg
1038799859128696833,neg
1038792215617830912,neg
1038789398140084224,neg
1038786434306650113,neg
1038782091629088768,pos
1038605665168764928,pos
1038604758582484993,neg
1038602549971116032,pos
1038579619195224064,pos
1038534611880603650,pos
1038453273286664193,pos
1038439687252307969,pos
1038438594543845378,pos
1038437927506923521,pos
1038180008479608832,pos
1038159042751983616,pos
1038103589904777218,neg
1038027233519001600,neg
1038022020691161088,neg
1038018199449567232,pos
1037892820126683136,pos
1037869794672799744,pos
1037841708816318466,pos
1037840881531801600,pos
1037751332860555264,pos
1037704356861276160,pos
1037664539284844545,neg
1037661562897682432,neg
1037656324010663937,pos
1037541538950209537,neg
1037485664433070080,neg
1037464177269514240,pos
1037417543017877506,pos
1037338204695941120,neg
1037337422860873731,pos
1037334510159966214,neg
1037329782671859712,neg
1037329592074350592,neg
1037302649199177728,neg
1037182409446490112,pos
1037181592068911104,pos
1037173907625832448,neg
1037171035152506880,neg
1037117638101688320,pos
1037083839238164486,pos
1037081791599915008,pos
1037079053784821766,pos
1037078254845390849,neg
1037078251095687174,pos
1037077962632450050,pos
1037043834482552832,pos
1036991866124861440,neg
1036740691211284480,neg
1036695682072158214,neg
1036689178749227008,pos
1036685082650705920,neg
1036681588573130752,neg
1036672676801196036,pos
1036637078640058368,neg
1036590520649306113,pos
1036576599771111424,pos
1036246829560680454,pos
1036244434164310016,neg
1036061566628757504,pos
1036056454954995712,neg
1036054534450229250,pos
1036052758389051392,pos
1036024775154565120,neg
1036024180087644160,pos
1036023767489814528,pos
1035908242277376001,neg
1035905988682018816,pos
1035881733898547201,neg
1035879783547199488,neg
1035868119884021760,pos
1035866602623979526,pos
1035850173224824832,pos
1035849517873201157,neg
1035718986871320577,pos
1035718119459893250,pos
1035717747936768000,neg
1035715271418413056,pos
1035650292782653441,pos
1035597354395680774,pos
1035575198169411584,neg
1035344085798801408,pos
1035233203609657344,pos
1035209068095434752,neg
1035162684633825286,pos
1035159956507566080,pos
1035154621357064192,neg
1035148684432953346,neg
1035134150590783489,neg
1035131133997068288,pos
1035125176617365504,pos
1035122954697433088,neg
1035120511259500544,neg
1035117507839967232,neg
1034990940593823746,pos
1034981992692166658,pos
1034979892524457985,pos
1034965029676883970,pos
1034934675972792320,neg
1034914379391807488,pos
1034914377768620037,neg
1034914376141168640,pos
1034914371099676674,neg
1034821067423014913,neg
1034817106632761344,pos
1034810550025433090,neg
1034785759377727490,pos
1034783131855998976,pos
1034782741714399232,neg
1034778515789545473,neg
1034777225336369152,pos
1034775835004358656,neg
1034772809350885376,neg
1034663158357655552,pos
1034654816046329856,neg
1034628350986338308,pos
1034626683066826753,pos
1034612092253470721,neg
1034610829860261895,pos
1034603586817339392,pos
1034599532787630080,pos
1034492929153359872,neg
1034456281120206848,pos
1034456273306243076,pos
1034445783876161536,pos
1034379525113753601,neg
1034378693370630145,pos
1034248860116430848,pos
1034128943480299521,pos
1034128472946434056,pos
1034128239579549696,pos
1034072800041099265,pos
1034072454086447104,neg
1034062375941550081,pos
1033876658439245825,neg
1033836873473568768,neg
1033723516116500481,pos
1033722550881329152,neg
1033515425336885248,neg
1033500723709992960,neg
1033343857675644928,neg
1033341788491317255,pos
1033341088579440640,pos
1033339636343549952,neg
1033334753003536384,neg
1033332301579661312,pos
1033327353227882496,neg
1033196105159372800,pos
1033175432651321345,pos
1033152062203342850,neg
1033148759084093440,pos
1033133359185055745,pos
1033045280143355904,pos
1033045274866999297,neg
1033045273361178624,neg
1032954224529817600,neg
1032948187416416256,pos
1032937718219714560,neg
1032934937962442754,pos
1032931711439589376,pos
1032929824900370432,pos
1032845356801974272,neg
1032736867391811584,pos
1032736865655377926,pos
1032709326643843072,pos
1032495180530835456,pos
1032454567152246785,neg
1032431371728445441,neg
1032430124686344192,neg
1032358618576900096,pos
1032358013175296000,pos
1032282621290704897,pos
1032264261463101440,neg
1032260490439864320,pos
1032259660378779648,neg
1032256443985084417,neg
1032247043992023040,pos
1032064440332705792,pos
1032017630662729728,pos
1031924404027047936,pos
1031917972099612673,pos
1031907600219209728,pos
1031872877514121216,pos
1031868964161368066,neg
1031861173149413376,neg
1031857204767453184,neg
1031852996567748613,pos
1031751198540550144,neg
1031747927511916544,neg
1031724100719403009,pos
1031719084680007680,pos
1031590431379865600,pos
1031553002371522561,pos
1031550517552603138,neg
1031547390644420613,pos
1031544711717302272,neg
1031508193107763200,neg
1031505811074412544,pos
1031503298967363586,neg
1031154974942810114,pos
1031152483949838336,pos
1031150465759633408,neg
1031141396776984576,neg
1031137499995930624,neg
1031134125602820096,neg
1030940529037651968,pos
1030935164178903044,neg
1030811421007929345,pos
1030810247127027712,pos
1030804685136035841,neg
1030782921500766209,pos
1030781399920455681,neg
1030779412973846529,neg
1030777074959757313,neg
1030632303507243008,pos
1030631977135812610,neg
1030582354308411392,pos
1030536210194882561,pos
1030536206415802369,pos
1030458489070596096,neg
1030456820417081344,neg
1030433779112923136,pos
1030431396341444609,neg
1030426536871116801,neg
1030423480725118976,pos
1030419975692005376,pos
1030416679069777921,neg
1030274024809656325,neg
1030271721780256768,pos
1030270284245467136,neg
1030257073047658501,pos
1030254224330969090,pos
1030241273784020993,pos
1030239036093411328,pos
1030237078586617856,pos
1030235363258851328,pos
1030166194723205122,pos
1030116078125568006,neg
1030094399362007040,neg
1030091812495654912,pos
1030074380397752320,neg
1030072571948134400,pos
1029920861128720385,neg
1029918661165936641,neg
1029911186949767168,neg
1029899109749202944,neg
1029895689868853248,pos
1029745594540150784,pos
1029743849160232960,pos
1029733227404189697,pos
1029731513573822464,neg
1029727209316069376,pos
1029724286121074689,pos
1029722249232826368,neg
1029719034756059136,neg
1029717928130818048,pos
1029717542842052608,pos
1029716105420595200,pos
1029712857724792832,pos
1029706933706661889,neg
1029432932094668802,pos
1029355952414371841,neg
1029354577559281665,neg
1029352395464224769,neg
1029338578239795200,neg
1029335579845115904,neg
1029332350969237504,pos
1029329583672307712,neg
1029325115547369472,pos
1029323499226243072,neg
1029321624603054080,neg
1029185314752000007,neg
1029183344397955074,pos
1029180132630687745,pos
1029158545391054848,pos
1029105967068323840,pos
1029089559710236672,pos
1029069948214288384,pos
1029052803380076544,pos
1029038164248338432,neg
1029037282676957185,pos
1029036065158557701,neg
1029022897787084800,neg
1029010124881453056,neg
1029002242932834310,neg
1028996374174593025,neg
1028633682918166528,pos
1028626569475051522,neg
1028620642529292289,neg
1028618150944944129,neg
1028355187939987465,pos
1028354010129027077,neg
1028347518822825984,pos
1028275158342098944,neg
1028271447632957441,neg
1028269328246947840,neg
1028269087133257728,neg
1028056640422068225,pos
1028052897563590657,pos
1028050296151400453,pos
1028030912095838208,neg
1027899286586109955,pos
1027895506809364480,pos
1027892043908046849,pos
1027884715553050625,neg
1027688604578074626,neg
1027641518243414016,neg
1027600571530969088,neg
1027586174448218113,pos
1027585937163931648,neg
1027545694201159680,pos
1027266105797238791,pos
1027255049670549504,pos
1027214330503352320,neg
1027211440225243137,neg
1027200569096765441,pos
1027048797644439553,pos
1027039880105414656,neg
1027032629063892993,neg
1027031293220061184,pos
1027026526871740417,pos
1026897064066777099,pos
1026781688167366656,pos
1026762818773757955,neg
1026587142989008897,neg
1026585401874677760,neg
1026546879289425920,neg
1026524292396273664,neg
1026495277824401408,neg
1026481210405605376,pos
1026474458326986752,pos
1026471244949061632,neg
1026196465696350208,pos
1026087766071947265,neg
1026086905539174400,pos
1026084333315153924,neg
1026076959980302336,neg
1026075214227165185,neg
1026069857589227520,neg
1025920076279627776,neg
1025920073159110657,pos
1025901304047198209,pos
1025847254660403201,neg
1025840837358432256,pos
1025834673736482817,pos
1025833273191264256,neg
1025832084521119745,neg
1025830647649247232,neg
1025763007840886790,pos
1025728712560594946,neg
1025725493373558784,pos
1025586524782559232,pos
1025584134322892800,pos
1025577505615503360,neg
1025516607886577666,neg
1025515565392257024,pos
1025512396654346251,pos
1025504226204680192,neg
1025501727989145601,pos
1025479385338597377,pos
1025435905736228864,pos
1025386253892694016,pos
1025177042470535168,pos
1025115155632455680,neg
1025093306664009728,neg
1025092714839371782,pos
1025092358126362630,pos
1024974107337781248,neg
1024967606577573891,neg
1024879317577285633,pos
1024877011775500290,neg
1024860399458508800,pos
1024765763775815695,pos
1024685313778741250,neg
1024680095343108097,neg
1024656465158721536,pos
1024649463435067398,neg
1024646945640525826,neg
1024644767924334593,neg
1024641683600879616,neg
1024450744198553600,pos
1024394107404279808,neg
1024347409483292672,pos
1024347406887014404,neg
1024342307624103937,pos
1024341376509599745,pos
1024287257975566338,neg
1024268892942856192,pos
1024264286418489345,pos
1024263146008207361,pos
1024248479386923009,neg
1024245909239021568,pos
1024239166429769729,neg
1024236805477097472,neg
1024096373917016064,pos
1024061082640502785,pos
1024060659594670082,pos
1024060658072076295,pos
1024059897221206022,pos
1024059145564160000,neg
1024059143110451205,pos
1023900404352991232,pos
1023664624259014656,pos
1023662510371741696,neg
1023653191974625280,neg
1023646669685104641,neg
1023646668179296257,pos
1023646665851449345,pos
1023646663590797312,neg
1023557246628900864,pos
1023549416446279680,pos
1023546197129224192,pos
1023538164298858497,pos
1023536822901776384,pos
1023534604148518912,neg
1023531550690955264,neg
1023007120130760704,pos
1022976410745495552,pos
1022936690267176971,pos
1022908672756801536,neg
1022873937561243649,neg
1022872576211730432,pos
1022872574634729472,pos
1022833271040815104,neg
1022812910702215169,neg
1022808452677160960,neg
1022805381440069632,neg
1022797819923640321,neg
1022690767305928704,pos
1022614707637772296,pos
1022614701665148934,pos
1022590568612937728,pos
1022502465147682817,pos
1022494827504644096,pos
1022484559470977027,pos
1022447980408983552,pos
1022287249432563712,pos
1022285656637300736,pos
1022274433979957248,pos
1022265842644525056,neg
1022265839104483329,neg
1022251602449756160,neg
1022248383531163648,pos
1022099454005051392,neg
1022097879253635072,neg
1022079127799701504,pos
1022076157884342272,pos
1022074252999225344,neg
1021924262045802496,pos
1021917767467982854,neg
1021909900941815809,pos
1021884006869204992,pos
1021815138469457920,pos
1021784726217142273,neg
1021755459416543238,pos
1021755112128172032,pos
1021753458347716609,pos
1021751811601059840,pos
1021719098265362432,neg
1021713905020817413,neg
1021571692781625344,pos
1021569559537610752,pos
1021388295618682881,neg
1021384752136409088,neg
1021380986452545537,neg
1021370601863294977,pos
1021351630648815616,pos
1021349516878974977,neg
1021347230022807552,pos
1021341698734030848,neg
1021337592904732672,pos
1021234525626609666,pos
1021158915206152193,pos
1021137490252640258,pos
1021020863733420032,neg
1021016070134648833,neg
1021007656511852544,neg
1020984152357777408,pos
1020978929736265729,pos
1020811550771294211,neg
1020808378594054144,pos
1020803264617615360,neg
1020800615226793986,neg
1020642287725043712,neg
1020432499082702849,neg
1020425741664751616,pos
1020316352140185600,pos
1020293430398935040,neg
1020290163933630464,neg
1020287981020729344,neg
1020285014616002560,pos
1019937445356474368,neg
1019936133147516929,pos
1019932691339399168,pos
1019909066456489986,pos
1019903123312308224,neg
1019899507910283264,neg
1019894101116948480,neg
1019891915402203139,neg
1019890400029499393,pos
1019757603570806785,neg
1019695889626083331,neg
1019695583853010944,neg
1019664477162278918,pos
1019545713435467776,pos
1019544304853966853,neg
1019538038651871233,neg
1019533312052858880,pos
1019526399542091776,pos
1019524328927453184,neg
1019520574371123200,neg
1019434161889796097,pos
1019378119671730176,neg
1019376680572456960,pos
1019230023897833479,pos
1019228676460773377,neg
1019225830298456066,neg
1019218575691837443,neg
1018992115810910208,pos
1018943446583668736,neg
1018890862653157381,pos
1018781525309943808,pos
1018738368753078273,pos
1018731223890481153,pos
1018727890345693184,pos
1018541464416997376,pos
1018530179549822977,pos
1018530173006692352,neg
1018530167902228480,pos
1018528420093878272,neg
1018197842559725569,neg
1018113905716027393,neg
1018096402520518656,neg
1018093807060045824,pos
1018074723140427776,neg
1018072081676865536,pos
1018069319702458368,neg
1018068353305411584,pos
1018062211909083136,pos
1017772506470649857,pos
1017650505043140609,pos
1017466758280679425,neg
1017426065029910529,pos
1017362207426908160,pos
1017290478839050240,neg
1017288317342224384,neg
1017286281867481089,pos
1017190186269184001,neg
1017178539706212353,neg
1017164990099415041,neg
1017153813625626624,pos
1017093020783710209,pos
1017086416176730112,pos
1017025848409550848,pos
1017025845905494016,pos
1016813686051233800,neg
1016757033071079424,neg
1016754517415624704,neg
1016729137409486853,pos
1016693575344504832,neg
1016663151935291393,pos
1016638035281219584,pos
1016633811378073602,pos
1016616792926703616,neg
1016447571563249666,pos
1016368503723577344,neg
1016367395294908421,neg
1016327387154395138,neg
1016294574417956869,pos
1016291887957848066,neg
1016289620596789248,neg
1016071245568380934,pos
1016056693791346688,pos
1015947163292008451,neg
1015723140364865536,neg
1015697664514674689,pos
1015587406374932480,pos
1015586529484443648,pos
1015278594795417600,neg
1015267193720852488,pos
1015039273987264517,pos
1015037322226642944,pos
1015033658548207616,neg
1015025320657743872,pos
1014956573095915520,pos
1014956568129892352,pos
1014875894614319104,pos
1014875575557804034,neg
1014873774003556354,neg
1014611307427966976,neg
1014519862482407424,pos
1014295759393644545,pos
1014295751814533120,pos
1014287566386888709,pos
1014286054805987330,pos
1014261296240488450,pos
1014258987422928896,pos
1014151457954811904,neg
1014146835135516672,neg
1014117468858650624,neg
1014105549624037377,pos
1014100908127543296,pos
1014098721460686849,pos
1014094834863362049,pos
1014092792329535488,neg
1014090584963866624,neg
1013976609290964997,neg
1013618640061595648,pos
1013507396558303233,pos
1013394559429169152,neg
1013391783533989888,pos
1013146187510243328,neg
1013143055417905152,pos
1013141673776500736,neg
1013139532290625538,neg
1013136536576188416,pos
1013037916216614912,pos
1013023608040513537,pos
1013019990340046849,neg
1013016168377081856,pos
1012840647743737857,pos
1012759156426670083,pos
1012437964373123072,pos
1012412743520047111,pos
1012321218056384513,pos
1012318771250384896,neg
1012315534220808192,neg
1012312287280074754,pos
1012299239207198721,pos
1012297599431401474,pos
1012295859072126977,neg
1012290012279435265,neg
1012174976668061699,neg
1012174975061647360,neg
1012070304091435010,pos
1011994162076573697,neg
1011975204778729474,neg
1011952266268545024,pos
1011931656230526976,pos
1011819474574561283,pos
1011806195462688768,pos
1011805006390071304,pos
1011803149911384064,pos
1011795883925663744,pos
1011792563425116161,pos
1011789419521675264,pos
1011703668721246209,pos
1011620271327989760,pos
1011602664143106048,pos
1011588967442022406,pos
1011584315040419840,neg
1011579076493144065,pos
1011577303023980544,neg
1011574256117993472,neg
1011571026034089984,pos
1011568906992017408,pos
1011422555947712513,neg
1011394762979586049,pos
1011391230188457984,pos
1011389124475961345,pos
1011385283562967041,pos
1011360410648416258,neg
1011295779422695424,neg
1011256862975676416,pos
1011231137233080321,pos
1011228265003077632,neg
1011226622324887556,pos
1011218033216512005,neg
1011212766487728133,pos
1011209592670425088,neg
1011053439575576576,pos
1011038477889175553,neg
1011036519812030467,neg
1010978975391322112,pos
1010902506422046721,neg
1010900865602019329,neg
1010873383087636480,neg
1010699954157830144,neg
1010619779600642048,pos
1010569562138406912,neg
1010567610352611328,pos
1010536329766006784,neg
1010522945402224642,pos
1010522933498806278,pos
1010505990259855361,pos
1010503423773507584,pos
1010502249263624195,pos
1010486772541816834,pos
1010485876806348800,neg
1010481479279923201,pos
1010320166486454272,pos
1010246126820347906,pos
1010163024173457409,pos
1010156224749408258,neg
1010153153084428288,pos
1010129956222001153,pos
1010126805850902528,pos
1010123101684883457,pos
1010116816998490113,pos
1010115331380203520,pos
1010113882344558592,neg
1010110544605581312,pos
1009935968164630528,neg
1009928980475138048,pos
1009916650622251009,neg
1009900449456115719,neg
1009900306694656002,pos
1009807715798044672,neg
1009796154220072960,pos
1009785143635206149,neg
1009780708381024258,pos
1009777520659652609,neg
1009775416456941568,neg
1009770941604298753,pos
1009638183091359744,neg
1009602111133442048,pos
1009555147108696064,pos
1009527495043923968,pos
1009490487051513861,pos
1009450868641497094,pos
1009435777992884227,neg
1009431025817092097,neg
1009411866475532288,pos
1009241032100335616,neg
1009127586528661504,pos
1009076294615814145,pos
1009075083112050690,neg
1009071403918864385,neg
1009071378371313664,pos
1009071330661142533,neg
1009071326219395073,neg
1008732992481710081,pos
1008725438972211200,neg
1008709364939677697,pos
1008708634396721153,pos
1008708576628625408,pos
1008696952559734787,neg
1008696508697513985,neg
1008692333771132929,pos
1008515606751084544,neg
1008511869970255872,neg
1008510118395293699,neg
1008506045373845504,pos
1008362351807037441,neg
1008340100877570048,neg
1008335560988078080,pos
1008333717545410560,pos
1008330598363090944,neg
1008328413210398720,pos
1008326335083761664,pos
1008317842264088576,pos
1008316495733186560,neg
1007986538985197568,neg
1007974129474121728,neg
1007972046666690561,pos
1007681553676283904,neg
1007679422865006593,neg
1007671131841671169,neg
1007594445104189441,pos
1007592042124513283,pos
1007591075601637376,pos
1007589800667435011,pos
1007580091692568576,pos
1007577375905861637,pos
1007572229935202304,neg
1007278825661784064,neg
1007278788009480192,neg
1007278701996802048,pos
1007278671097417729,pos
1007239837529800705,pos
1007002252467458048,pos
1006993862152392704,pos
1006992524366503941,pos
1006891643985854464,pos
1006866982833131520,pos
1006866089110892545,neg
1006856219200548864,pos
1006839007492308992,neg
1006837823469735936,neg
1006837459794251776,pos
1006833568641777664,pos
1006833565022031873,neg
1006832813499269120,neg
1006706273746735105,pos
1006694541083021312,neg
1006637378088284160,pos
1006637373629722624,pos
1006630395067039744,pos
1006619872367804416,pos
1006334219759575040,neg
1006326057375584261,pos
1006296018210603008,pos
1006293144911085568,neg
1006286790536323074,neg
1006003345360908295,neg
1005989290520739845,pos
1005988633747312640,pos
1005985339121504256,pos
1005982266496094209,pos
1005979207544000512,neg
1005586562959093760,neg
1005586152076689408,pos
1005554692133249026,pos
1005554687678922752,neg
1005554429087514624,neg
1005554268009422849,neg
1005554263601250304,neg
1005550889422110721,pos
1005548570332631040,pos
1005479740000624640,pos
1005304018741035008,pos
1005047468705439744,pos
1005045008746057728,pos
1005033088202756097,pos
1005030839019802625,pos
1005028243760611328,neg
1004909785547001856,pos
1004871827406061573,neg
1004846478253273088,pos
1004752551034654720,neg
1004752258955988992,pos
1004743621587894272,neg
1004742470700322816,pos
1004726490058182656,neg
1004724915562598400,pos
1004722061808427008,neg
1004711557291560960,neg
1004710919853760512,neg
1004696266297827328,pos
1004693718945984512,neg
1004478326336040960,pos
1004373239194320900,pos
1004363400674234368,neg
1004360833407815680,neg
1004359335399641089,neg
1004356576671666179,pos
1004351340041199616,neg
1004211778837012481,pos
1004174436759691266,pos
1004172786359848960,pos
1004171953404628998,neg
1004166633349361664,neg
1004160401658073090,neg
1004092260475162624,neg
1004092104488947719,neg
1003998873004773376,pos
1003997350791188482,pos
1003995933540044800,pos
1003987298072002565,pos
1003985427970314246,pos
1003969399148118016,neg
1003967400130285569,pos
1003963157734453249,pos
1003962584352030720,neg
1003960114989207552,pos
1003956743133650944,pos
1003952348962619392,pos
1003949263481696256,neg
1003832766511894528,pos
1003806272360239104,pos
1003738744061603843,pos
1003738642903420928,pos
1003637916919320577,neg
1003634405036961793,pos
1003618276293988352,neg
1003617811254710273,neg
1003616210922147841,neg
1003612459855466497,pos
1003611857272360960,neg
1003601217111707649,neg
1003328970069331968,neg
1003268646070874113,neg
1003266374473519105,neg
1003259934417580033,pos
1003024268756733952,neg
1003017786355015680,neg
1002971013313908738,neg
1002968869043097600,neg
1002954515941941249,pos
1002951786301415424,pos
1002946237652504576,neg
1002892787803676673,pos
1002884227753480193,pos
1002877499448152065,pos
1002539852171304960,neg
1002510522032541701,pos
1002508937445478402,neg
1002506360351846400,pos
1002298565299965953,pos
1002177521599860736,pos
1002176736761655298,pos
1002160516733853696,pos
1002159087830827008,neg
1002156016060989445,neg
1002141448232493056,neg
1002027245131661312,pos
1002023477531070464,neg
1001978774219644929,pos
1001973090107248641,pos
1001848460881035265,neg
1001834394359877633,neg
1001807216297627648,neg
1001807204519997442,neg
1001807174249713664,neg
1001455721588969472,neg
1001424695126880258,neg
1001420270094168064,pos
1001417880116891650,neg
1001415199516254208,neg
1001410457092218880,pos
1001404640796336128,pos
1001220050995511298,neg
1001212077699149825,pos
1001108964216537089,neg
1001103028626345984,neg
1001099771602456576,pos
1001085207825534976,pos
1000837182297464832,neg
1000831304836018176,pos
1000741764565753856,neg
1000726832843501570,pos
1000718611688943616,neg
1000465814192099330,pos
1000462031500099584,neg
1000458567147839488,neg
1000396430371106817,neg
1000391997969092608,neg
1000387893427351553,pos
1000385794115325952,pos
1000375761604370434,neg
1000366478846300165,pos
1000174070061813761,pos
1000152863035805696,neg
1000151354701213696,pos
1000145873274359809,neg
1000138164923781121,neg
1000064605903876096,pos
999986971660423170,pos
999984507574018049,neg
999984503123857408,pos
999984495179726848,neg
999984492197613568,pos
999629710370983937,neg
999626347361206274,pos
999454450854039552,pos
999282325316866048,pos
999278498182258688,neg
999258232110579714,neg
999257533327073281,neg
999252093998370817,pos
999249186762772481,pos
999246677549768704,neg
999243732506562560,pos
999242039723163648,neg
999239924401438720,pos
999096013674680321,neg
999096011174924289,neg
998704493335334912,pos
998553122179084290,pos
998546786628395009,pos
998537117180588033,neg
998534123399663616,neg
998532136578748425,neg
998528928259170305,neg
998526637657546753,pos
998525737593376768,pos
998524172858019840,neg
998256454590193665,pos
998250447394820096,pos
998202784683053056,neg
998196033153839104,neg
998194013193822208,neg
998191501451628544,neg
998189366844559360,pos
998187672979038208,neg
997951982467014656,neg
997909163379449857,neg
997612079375945728,pos
997597940444221440,pos
997493407097524224,pos
997474432443707393,neg
997471413266247681,pos
997429518867591170,neg
997422764909912065,neg
997238932311068674,pos
997233764689498112,pos
997136144465842177,pos
997112687799697408,pos
997095653875617792,neg
997076300476055552,neg
996887371210788864,pos
996822740320575488,pos
996822738101825538,pos
996802784090640385,neg
996739376028835840,neg
996739374619426816,pos
996739372723638272,neg
996728397362540545,pos
996723907867676673,pos
996487798759854082,pos
996442654568341505,pos
996391840860471296,pos
996368474556583937,neg
996366330436648960,pos
996135379802755072,pos
996129630913482755,neg
996119678551552000,neg
996046634864791557,pos
996021417622851584,pos
995980604016611329,pos
995816799341088770,neg
995758467645353985,neg
995746011321597953,neg
995680316458262533,neg
995428472674758656,neg
995424104286179328,neg
995410516129538048,pos
995088584221839360,pos
995085901079433219,neg
995023303906652160,pos
994741305908649985,pos
994587349718847489,pos
994586105822564353,pos
994585463380987904,neg
994401394441453569,neg
994346538028675072,pos
994345813064192012,neg
994194233111273472,pos
994192995737096192,pos
994185337504137216,pos
994182263960162304,pos
994179864436596736,neg
994176238846664706,pos
993926510003277825,pos
993815373190492160,neg
993813485745295360,pos
993810085540491264,neg
993562242124865536,neg
993541175511527425,pos
993492804985872385,pos
993484478633922560,neg
993483042177118208,neg
993476979893723137,pos
993475610377932801,pos
993455375755173892,neg
993452275648679938,neg
993446539988217857,neg
993443781281271808,pos
992880573025865729,pos
992562394051293186,neg
992558888212946949,pos
992556495182155776,pos
992524132884664321,neg
992523949698412544,neg
992395376039727104,pos
992357529362583552,neg
992354530510721025,neg
992352585863651329,pos
992350362450518016,neg
992348740529815552,pos
992083738531192833,neg
991995845120753664,neg
991994433750142976,neg
991992302267785216,neg
991886413686861824,pos
991884309400342529,pos
991843153953964033,neg
991809653980966913,neg
991776286489169920,pos
991690248399794176,neg
991672075491438594,neg
991669454823141376,pos
991644756995444736,neg
991360908868931585,pos
991279620044591105,neg
991271009570484224,pos
991267863674675200,pos
991090373417152515,pos
991087278515769345,neg
991084673697812481,pos
991084424992296962,neg
991028027785138177,neg
990928644100034561,pos
990926480329859073,pos
990787671281819648,pos
990782291667488768,neg
990764965282893827,neg
990559834020962304,neg
990557728752926725,neg
990551654952067073,neg
990361469802905600,pos
990307626784362496,neg
990227703575056384,pos
990225456233316354,pos
990213619190202369,pos
990202926114189312,pos
990200773232529413,pos
990049088375836672,neg
989870523042680832,pos
989858791687671808,pos
989854486310113282,pos
989834048796266498,pos
989827358961086465,pos
989820401596366849,pos
989816772713906177,pos
989813047773614080,neg
989650212380692480,pos
989629633376194561,pos
989252420294336512,pos
989225812166696960,pos
989144989690187776,pos
989144622684409856,pos
989134248010502146,pos
989110172495810560,pos
988856839893897222,neg
988850347031584768,pos
988840512571441152,neg
988839027209097217,pos
988509958089166848,pos
988415011382091776,pos
988413372298416128,neg
988405962624118785,pos
988146462625181696,neg
988126197619068928,pos
988106076028653568,pos
988056354567917568,pos
988040227167064064,neg
988037292932653056,pos
988030312088260608,pos
987820963038449664,pos
987786331995672576,neg
987774054651301888,neg
987768453338673152,pos
987766033862873091,pos
987719560282476546,pos
987679852345135105,pos
987679850545778689,pos
987679848284999680,pos
987532088302886913,pos
987529636656697345,neg
987470932989050881,pos
987463564305797126,pos
987426984195174405,neg
987284041304100864,pos
987282387196436480,neg
987280537348866048,pos
987278269765517312,neg
987173366401585155,pos
987100052710674433,pos
987096152892944389,pos
987096105841315841,neg
987066289855303681,pos
987065049566138375,neg
987063604691259393,pos
987038167730552832,neg
987036458648199168,neg
986994992177561600,neg
986988633822412800,neg
986979039670931458,neg
986643179452747776,pos
986576502358671361,pos
986555533535731712,pos
986547093610299392,pos
986544648477868032,neg
986436520444866560,neg
986432143189512192,pos
986378606606737408,pos
986357230219022342,pos
986357228306354178,pos
986303188587425794,pos
986301228337508354,pos
986218871991492608,pos
986218870506754048,neg
986218867780448261,pos
986218862625648640,pos
985858100149309441,pos
985856662866202624,neg
985529299905187840,neg
985504808646971392,neg
985502053345751040,neg
985496023555608576,neg
985492862958698497,pos
985489930343321600,neg
985487209510948864,pos
985483513704124416,neg
985133017256660995,pos
985130802668294144,pos
984967457315139586,pos
984877999718895616,pos
984767560494313472,pos
984763579210633216,pos
984759315046322177,neg
984631073865953280,neg
984472778035417088,pos
984471933050937344,pos
984379918682394624,pos
984374422587965440,pos
984372760230154241,pos
984371491277099010,neg
984231791103012864,pos
984155907251687424,neg
984066131303583746,neg
984053549742067712,neg
984032798821568513,neg
984022625440747520,pos
984020136255541248,neg
984017894240604161,pos
984015782521835521,neg
983774270886236161,pos
983662953894436864,pos
983662868540346371,pos
983284198046826496,pos
983143317889323008,pos
982969547283161090,pos
982967389028569088,pos
982966315467116544,pos
982954355509907457,pos
982950739441004544,neg
982943088330108928,neg
982770847046922240,pos
982750459877380096,pos
982724858743328777,pos
982722926305832960,neg
982682227581636608,pos
982680387116781568,neg
982673223719489536,pos
982353975595929600,pos
982353242196766720,neg
982268230306709509,neg
982264844136017921,pos
982214297160839173,neg
981881669593559040,neg
981859214380462081,pos
981669823221559302,pos
981544432762802176,neg
981521901079146499,neg
981492087328792577,neg
981491439233355776,neg
981287536520847360,pos
981168344924536832,neg
981126375716409344,neg
981123772169191424,neg
981121409807155200,pos
981117684489379840,neg
980964100502118400,pos
980961086546632705,neg
980958298445885446,pos
980846943130746881,pos
980806557846863872,neg
980800783313702918,neg
980799183425802240,pos
980794173279342592,neg
980766121983987712,neg
980764358530789380,pos
980762392303980544,neg
980451798606602241,neg
980451155548491777,neg
980443810529533952,neg
980421275326865409,pos
980065427375128576,neg
980065419632566272,pos
980063581592047617,pos
979447750529110017,pos
979326715272065024,neg
979108846408003584,pos
979108653377703936,pos
979030109104562176,pos
979030033149972480,pos
979028987858112512,pos
978938860582440960,pos
978936058795757568,pos
978932860307505153,neg
978701966456082433,pos
978432632273948674,pos
978368319542702080,neg
978249938743234560,pos
978226474485534720,pos
977875057572745216,pos
977872899792089088,neg
977858212635594752,pos
977855968364171264,pos
977850135697911808,pos
977585879651966980,pos
977319371277156352,pos
977286489410240514,pos
977221676697079808,pos
977166887493799936,neg
977159683151712258,pos
977124622285066240,pos
976948306927607810,pos
976914287217258497,pos
976770619424563200,neg
976765417908776963,neg
976655903729610752,pos
976654851684945920,neg
976535330835836929,neg
976532956557737984,neg
976420417090015232,neg
976415945714556928,neg
976411208717950976,neg
976405122757558272,pos
976120272435793920,pos
975891861863829504,neg
975720503997620224,pos
975707627182219266,pos
975350027169206273,neg
975346628113596417,neg
975341676297445377,neg
975163071361683456,neg
975062797162811394,pos
975057131136274432,neg
974859881827258369,pos
974702363763232768,pos
974683485322596352,pos
974656757187440640,neg
974422724419444737,pos
974276383051583488,pos
974241711315709954,neg
974141083054690304,pos
974033924493111296,neg
974032596563832832,pos
973931154796457984,pos
973920392543793154,pos
973909651065528320,pos
973907142649397251,pos
973581274215473153,pos
973580538358374402,pos
973540316656623616,pos
973536164044034048,neg
973360355790479361,pos
973207890084401152,pos
973199981292216320,neg
973187513731944448,pos
973185831547670529,pos
973171763835228162,pos
972853747750711296,pos
972846978823610369,pos
972835128056664066,pos
972832210222043137,pos
972829763067883523,pos
972622325454659585,pos
972585290857672704,pos
972563247160274947,neg
972542173030879233,neg
972538115901607937,pos
972523294233710593,neg
972506194978983937,neg
972500344197566465,neg
972466816114032640,pos
972271520847466498,pos
972242845636669440,pos
972210637018423301,neg
972209197935980544,pos
971915531346436096,pos
971812821955735552,pos
971726862526361603,pos
971409845453762560,neg
971402791930552322,pos
971349864125788160,neg
971345895223676929,neg
971335759679709185,pos
971186041171439616,pos
971025582061424640,neg
971019306388611073,neg
971013841395027968,neg
971008891751485440,pos
971008238673068038,pos
971007733313961984,pos
971006379375972354,neg
970760324126212096,pos
970650759091163137,pos
970644394591309824,pos
970628441115643904,neg
970626966004162560,neg
970451373681790978,pos
970353692938469377,pos
969994273121820672,neg
969991653393039361,neg
969989251537481730,neg
969939200933056512,pos
969572374977839106,pos
969558431802806272,neg
969532384285687808,pos
969529668234829825,neg
969525362580484098,pos
969408165308747777,pos
969374909209239552,pos
969374597127778304,neg
969311530733981698,pos
969277822920470530,pos
969272683061022721,neg
969183644756660224,neg
969178931369783296,pos
968856971075051521,neg
968850364383596545,neg
968825596133478400,neg
968818810005450752,neg
968704442110545923,pos
968702480753315840,pos
968621347294318592,pos
968620661349470209,neg
968550893015707649,neg
968549117625602054,neg
968468176639004672,pos
968467243192537088,neg
968462966864609280,neg
968455547094753281,pos
967564998238142471,pos
967563946063523840,pos
967545724362739712,pos
967539664692350977,pos
967538684789739520,pos
967526110249537542,pos
967508938425069568,pos
967506350283599874,neg
967493467046899712,pos
967472757025001472,neg
967388904952344577,pos
967168890232082433,pos
967023714268319744,neg
967023015035797504,pos
967021512455802881,pos
966998215592677376,neg
966846679784837120,neg
966687491616059392,neg
966681883206668289,neg
966662241977360384,pos
966660169194229761,neg
966657362789568512,pos
966653833047887874,neg
966650397002813440,pos
966420452070559749,pos
966321700588711936,neg
966317112565420033,neg
966119932793585664,pos
966118856874971138,pos
966117265426001920,neg
966006815745040384,pos
965971586913374208,neg
965968309358333952,neg
965943827931549696,pos
965937068907073536,neg
965935035328155649,neg
965932714141650946,neg
965930611272712192,neg
965928352614965248,neg
965925223949357056,pos
965780052167286784,pos
965775382598311937,pos
965773283554668544,pos
965676314576543744,pos
965582280772276224,pos
965442990134251520,pos
965303158229622785,pos
965272331978407937,pos
965223354633457665,neg
965221024496279552,pos
965212168449941505,pos
965205208191168512,neg
965202556204003328,neg
965199840471810049,pos
965194903142719489,pos
965079126829871104,neg
965075589274177536,neg
965009332042596352,neg
964956781670694912,pos
964955496137535488,neg
964949269374529538,neg
964946611502747649,pos
964944088696049666,neg
964938678362628096,neg
964594780088033282,neg
964512164865363968,neg
964509154357411840,neg
964219299211735040,neg
964219102683377665,neg
964151653669711872,neg
964110212885106689,neg
963879275324760070,neg
963878055969198080,neg
963365328716812288,neg
963362959463469058,pos
963152799486828544,pos
963033580107653120,neg
963031666150313984,pos
962787355932360706,pos
962784821389996033,pos
962767075457593344,neg
962753552824365056,neg
962435602296786944,pos
962398269593784321,neg
962394439846191105,neg
962389786328797184,pos
962348831789797381,neg
962345433170415616,pos
962330457886076928,pos
962326008127946752,neg
961962694650757121,neg
961959738853548033,neg
961957671246159875,neg
961802557646569475,neg
961743032952459264,neg
961671974153080834,pos
961557382387167238,pos
961368036782628864,pos
961270833569202176,pos
961253168968622086,pos
960907362109452288,neg
960906105982464000,neg
960869939694505984,pos
960868920428253184,neg
960530665702912000,pos
960522569492426753,pos
960492998734868480,neg
960487657691385856,pos
960486144818450432,neg
960361010904338432,pos
960195808141414400,pos
959952974826098688,neg
959949725028974592,pos
959946200488271872,neg
959798743842349056,neg
959798726381457409,pos
959488369293254658,pos
959488037766955009,pos
959393270144086016,neg
959389424806191104,pos
959268334935203840,pos
959034299222843394,pos
959031505145212928,neg
959029384052166657,pos
958520216429957121,pos
957603804383465472,neg
957603800579297280,pos
957465263129219073,pos
957462746060206080,neg
957387711693905925,pos
957220637705109505,pos
957032249509097472,pos
956938973326098432,neg
956937916374138880,neg
956657520562573312,neg
956322473955545089,pos
956261892640604161,neg
956134228726558720,neg
956015565776277510,pos
956012274942128128,pos
955806333667807232,pos
955795912374267907,pos
955771016319590400,neg
955764970590961665,neg
955658992793149440,neg
955458357200130049,pos
955428815777533952,neg
955426609326100480,pos
955249077645643776,neg
955056249925750784,neg
954901073587834882,pos
954878124214415360,neg
954843844402647040,neg
954788467069870081,pos
954722155463430145,pos
954681839419101185,pos
954680914998648833,neg
954678287820902401,pos
954674157144477696,pos
954541219970977793,pos
954478044487520257,pos
954456754137501697,pos
954390114968498176,neg
954386490842378241,pos
954323750949982208,neg
954136290768846850,neg
953987636057821184,pos
953984671674662912,neg
953979393180950528,neg
953973568035086336,neg
953951365532876800,neg
953948941674078208,pos
953796944564031489,neg
953795518592843777,pos
953794085751574534,pos
953773110553186312,neg
953772162665590787,pos
953771038114045954,pos
953614071336701952,pos
953406553083777029,neg
953406423177859073,pos
953352036309000194,pos
953273134655987716,neg
953271789790138368,neg
953270558573154305,pos
953267506004754432,neg
953264081871495168,pos
953000902331453442,neg
952888691944550401,neg
952887520790040576,neg
952540700683497472,neg
952538350333939713,neg
952530515894169601,pos
952528011869478912,neg
952526145064505345,neg
952525384242876416,pos
952301373479104512,neg
952183458922672130,neg
952166927476183040,pos
952166857670320128,neg
952166643202916352,neg
951813216291708928,neg
951798415301718017,neg
951793123985973248,neg
951790999784783872,neg
951788342647107584,neg
951785587765280768,pos
951679619341737986,pos
951675713089888256,neg
951650274032209920,neg
951648197440569344,pos
951646736233189377,neg
951645893513613312,pos
951457382651056128,neg
951441504203104256,neg
951431836030459905,neg
951419415794511872,neg
951416674808467461,pos
951309956720087041,neg
951109942685126656,pos
951106475254059008,neg
951094078661414912,pos
950946293077209088,pos
950937350003183618,pos
950884128379035650,neg
950371619247153154,neg
950206523690639360,neg
950206338411499520,neg
950105312782114817,pos
950103659337134080,neg
950023175907266560,pos
950014185299210240,pos
950012437788585985,neg
949619270631256064,pos
949618475877765120,neg
949616329463615489,neg
949610896241946626,neg
949608746497576960,pos
949498795074736129,neg
949495534003412992,pos
949303089416294401,pos
949287555660500992,pos
949242950659313669,neg
949129410208202757,neg
949126530839572481,neg
949066181381632001,pos
948944124132167680,pos
948881133340708864,pos
948879774277128197,neg
948874586006925313,neg
948872192284155904,neg
948739073237311488,pos
948738634722742273,pos
948737652119031808,neg
948722170531893248,pos
948548807612084224,pos
948404303072460800,pos
948359545767841792,pos
948355557022420992,neg
948322497602220032,pos
948322496591384576,neg
948211438472089600,pos
948205689683562496,pos
948202173049049088,neg
948195478428102657,neg
948194400114487296,pos
948189482284707840,pos
948188264858603520,pos
948174033882927104,pos
948164289591902208,pos
947824196909961216,neg
947810806430826496,pos
947802588174577664,neg
947614110082043904,neg
947592785519173637,neg
947588263103139841,pos
947536951464333318,pos
947461470924820480,pos
947458942719979520,pos
947453152806297600,pos
947328044821336070,pos
947236393184628741,neg
947235015343202304,pos
947213895286054914,neg
946949708915924994,pos
946731576687235072,neg
946728546633953285,neg
946724075157651457,pos
946531657229701120,pos
946416486054285314,neg
946415026402988033,neg
946401576381505536,neg
946210723528572930,pos
946156544927977477,pos
945780569388015616,pos
945646491955290113,neg
945624910898122752,pos
945437479863291904,pos
945126026824298497,pos
945030174290186241,pos
944927689638662145,pos
944906847970119680,neg
944703626454487042,neg
944700332881440769,neg
944667102312566784,pos
944666448185692166,neg
944665687292817415,neg
944329684032081921,pos
944308373373308929,neg
944276471614509057,pos
944247868126318593,neg
944222979147337728,pos
944222157218942978,neg
944210183089254400,pos
944192071535153152,pos
944188445748015105,pos
944187730564714497,pos
943856675294982145,neg
943842608631238656,neg
943824695144697857,neg
943819430735372289,neg
943521141062238208,neg
943489378462130176,pos
943362605258813441,pos
943213901625294849,pos
943135588496093190,neg
943079382163353600,neg
943074475209355264,pos
942883507868782592,neg
942882250089271297,pos
942881716913438720,pos
